timestamp,response_time,success,problem_type,total_requests,solved_problems,accuracy,avg_response_time
2025-07-03 14:17:43,9.60976266860962,True,** Calculus,1,1,100.0,9.60976266860962
2025-07-03 14:19:09,6.064228057861328,True,** Algebra,1,1,100.0,6.064228057861328
2025-07-03 14:25:48,8.981711387634277,True,** Algebra,1,1,100.0,8.981711387634277
2025-07-03 14:26:40,6.667428731918335,True,** Calculus,2,2,100.0,7.824570059776306
2025-07-03 14:32:04,7.902482986450195,True,** Calculus,1,1,100.0,7.902482986450195
2025-07-03 14:44:42,8.560697555541992,True,** Geometry,1,1,100.0,8.560697555541992
2025-07-03 14:48:39,6.46934700012207,True,** Trigonometry,1,1,100.0,6.46934700012207
2025-07-03 14:55:17,7.985625982284546,True,** Algebra,2,2,100.0,7.227486491203308
2025-07-03 14:57:03,7.5078206062316895,True,** Calculus,3,3,100.0,7.3209311962127686
2025-07-03 14:57:25,5.820125102996826,True,** Arithmetic,1,1,100.0,5.820125102996826
2025-07-03 15:07:32,8.48814582824707,True,** Calculus,1,1,100.0,8.48814582824707
2025-07-03 15:11:52,6.034752368927002,True,Other,2,2,100.0,7.261449098587036
2025-07-03 15:16:03,6.12342381477356,True,** Algebra,1,1,100.0,6.12342381477356
2025-07-03 15:26:08,7.2698962688446045,True,** Geometry,1,1,100.0,7.2698962688446045
2025-07-04 14:42:50,5.870760440826416,True,** Algebra,1,1,100.0,5.870760440826416
2025-07-04 14:44:25,6.129260063171387,True,** Trigonometry,2,2,100.0,6.000010251998901
2025-07-04 14:44:50,6.541758298873901,True,** Trigonometry,3,3,100.0,6.180592934290568
2025-07-04 14:45:14,5.901098966598511,True,** Trigonometry,4,4,100.0,6.110719442367554
2025-07-04 15:00:09,7.9390153884887695,True,** Trigonometry,1,1,100.0,7.9390153884887695
2025-07-04 15:01:17,6.587361574172974,True,** Trigonometry,2,2,100.0,7.263188481330872
2025-07-04 15:02:28,5.40004563331604,True,** Algebra,1,1,100.0,5.40004563331604
2025-07-04 15:02:58,6.48024320602417,True,** Trigonometry,2,2,100.0,5.940144419670105
2025-07-04 15:03:38,6.660790681838989,True,** Trigonometry,3,3,100.0,6.180359840393066
2025-07-04 18:49:15,6.623150587081909,True,** Algebra,1,1,100.0,6.623150587081909
2025-07-19 14:27:53,11.85796594619751,True,** Algebra,1,1,100.0,11.85796594619751
2025-07-29 23:44:44,20.80873990058899,True,** Calculus,1,1,100.0,20.80873990058899
2025-07-29 23:45:16,9.77544617652893,True,** Trigonometry,2,2,100.0,15.29209303855896
2025-07-29 23:49:58,25.181112051010132,True,** Trigonometry,3,3,100.0,18.58843270937602
2025-09-01 14:30:34,12.48072338104248,True,** Arithmetic,1,1,100.0,12.48072338104248
2025-09-05 20:41:00,103.55870962142944,True,** Algebra,1,1,100.0,103.55870962142944
2025-09-05 20:41:55,8.294537782669067,True,** Trigonometry,2,2,100.0,55.926623702049255
2025-09-05 20:49:26,6.798348665237427,True,** Trigonometry,1,1,100.0,6.798348665237427
2025-09-09 11:46:01,6.206719875335693,True,** Algebra,1,1,100.0,6.206719875335693
2025-09-09 11:49:33,10.201282739639282,True,Other,2,2,100.0,8.204001307487488
2025-09-09 11:52:28,592.307404756546,False,Other,1,0,0.0,592.307404756546
2025-09-09 11:53:58,1.2328367233276367,True,Other,3,3,100.0,5.880279779434204
2025-09-09 11:55:18,17.189218997955322,True,Other,4,4,100.0,8.707514584064484
2025-09-09 12:15:45,9.305105209350586,True,Other,1,1,100.0,9.305105209350586
2025-09-09 12:17:54,10.013907670974731,True,Other,2,2,100.0,9.659506440162659
2025-09-09 12:19:13,7.87445592880249,True,Other,3,3,100.0,9.064489603042603
2025-09-30 17:39:51,0.983511209487915,True,Basic Arithmetic,1,1,100.0,0.983511209487915
2025-09-30 17:43:41,22.31768274307251,True,Other,1,1,100.0,22.31768274307251
2025-09-30 17:45:34,20.03783941268921,True,Other,1,1,100.0,20.03783941268921
2025-09-30 17:50:33,17.103675603866577,True,Other,1,1,100.0,17.103675603866577
2025-09-30 17:51:11,17.165187120437622,True,Other,2,2,100.0,17.1344313621521
2025-09-30 17:52:03,16.83454990386963,True,Other,3,3,100.0,17.03447087605794
2025-09-30 17:53:17,29.03621220588684,True,Other,4,4,100.0,20.034906208515167
2025-09-30 18:10:04,63.71684718132019,False,Other,1,0,0.0,63.71684718132019
2025-09-30 18:16:54,19.882688999176025,True,Other,1,1,100.0,19.882688999176025
2025-09-30 18:17:28,19.478917360305786,True,Other,2,2,100.0,19.680803179740906
2025-09-30 18:18:54,36.01287770271301,False,Other,1,0,0.0,36.01287770271301
2025-09-30 18:18:55,486.31598949432373,False,Other,1,0,0.0,486.31598949432373
2025-09-30 20:38:46,17.530210971832275,True,Other,1,1,100.0,17.530210971832275
2025-10-03 20:27:32,18.438681840896606,True,Other,1,1,100.0,18.438681840896606
2025-10-03 20:28:22,26.400838613510132,True,Other,2,2,100.0,22.41976022720337
2025-10-03 21:05:09,0.7423412799835205,False,Other,1,0,0.0,0.7423412799835205
2025-10-03 21:06:47,23.257981538772583,True,Other,1,1,100.0,23.257981538772583
2025-10-03 21:07:31,20.26000475883484,True,Other,2,2,100.0,21.75899314880371
2025-10-03 21:36:34,22.02,True,Other,1,1,100.0,22.02
2025-10-03 21:37:49,31.84,True,Other,2,2,100.0,26.93
2025-10-03 21:39:12,19.98,True,Other,3,3,100.0,24.62
2025-10-03 21:49:31,15.94,True,Other,1,1,100.0,15.94
2025-10-03 21:51:03,18.09,True,Other,1,1,100.0,18.09
2025-10-03 21:54:41,12.88,True,Other,1,1,100.0,12.88
2025-10-03 21:55:50,21.37,True,Other,2,2,100.0,17.13
2025-10-03 22:32:35,17.63,True,Other,1,1,100.0,17.63
2025-10-03 22:33:28,15.88,True,Other,2,2,100.0,16.75
2025-10-03 22:35:41,23.49,True,Other,3,3,100.0,19.0
2025-10-03 22:37:23,14.55,True,Other,4,4,100.0,17.89
2025-10-03 22:38:18,19.81,True,Other,5,5,100.0,18.27
2025-10-03 23:00:05,16.29,True,Other,1,1,100.0,16.29
2025-10-03 23:01:08,17.13,True,Other,2,2,100.0,16.71
2025-10-03 23:17:39,20.36,True,Other,1,1,100.0,20.36
2025-10-03 23:18:48,18.06,True,Other,2,2,100.0,19.21
2025-10-03 23:20:35,19.4,True,Other,1,1,100.0,19.4
2025-10-03 23:22:10,18.18,True,Other,2,2,100.0,18.79
2025-10-04 13:37:51,80.13,True,Other,1,1,100.0,80.13
2025-10-04 14:28:38,26.06,True,Other,1,1,100.0,26.06
2025-10-05 00:40:15,24.94,True,Other,1,1,100.0,24.94
2025-10-05 00:41:46,20.09,True,Other,1,1,100.0,20.09
2025-10-05 01:01:08,14.17,True,Other,1,1,100.0,14.17
2025-10-05 01:01:36,10.72,True,Other,2,2,100.0,12.44
2025-10-05 01:25:43,26.01,True,Other,1,1,100.0,26.01
2025-10-05 01:28:07,20.59,True,Other,2,2,100.0,23.3
2025-10-05 01:29:02,18.24,True,Other,3,3,100.0,21.61
2025-10-05 01:41:22,16.4,True,Other,1,1,100.0,16.4
2025-10-05 01:43:30,14.68,True,Other,1,1,100.0,14.68
2025-10-05 01:44:23,22.27,True,Other,2,2,100.0,18.47
2025-10-05 01:45:23,19.04,True,Other,3,3,100.0,18.66
